f7bb96,2024-12-05 19:23:26,OPEN,,
31ca7b,2024-12-05 20:01:10,TEST,motouber,0
7cd55a,2024-12-05 20:21:36,TEST,motouber,75
835018,2024-12-05 20:23:34,OPEN,,
5905f7,2024-12-05 20:23:40,TEST,motouber,75
2cd644,2024-12-05 20:24:28,TEST,motouber,12
75d6c0,2024-12-05 20:24:38,TEST,motouber,75
4774f4,2024-12-06 13:00:20,OPEN,,
30d523,2024-12-06 13:00:25,TEST,motouber,25
07a489,2024-12-06 13:01:03,TEST,motouber,75
886eb3,2024-12-06 13:07:23,QUIT,,
f60cbc,2024-12-06 15:53:58,OPEN,,
024d64,2024-12-06 15:54:00,TEST,motouber,12
1126ad,2024-12-06 15:54:01,TEST,motouber,12
f499ba,2024-12-06 15:55:47,TEST,motouber,75
9ee363,2024-12-06 16:33:59,OPEN,,
7790a9,2024-12-13 16:40:56,OPEN,,
1418e6,2024-12-13 16:41:05,QUIT,,
